name|accuracy|params|hardware_req|tags
OmniVec|92.4|null|null|[']']
BASIC-L (Lion, fine-tuned)|91.1|2440000000.0|null|['Conv+Transformer', 'ALIGN', 'JFT-3B']
CoCa (finetuned)|91.0|2100000000.0|null|['ALIGN', 'Transformer', 'JFT-3B']
Model soups (BASIC-L)|90.98|2440000000.0|null|['ALIGN', 'JFT-3B', 'Conv+Transformer']
Model soups (ViT-G/14)|90.94|1843000000.0|null|['JFT-3B', 'Transformer']
ViT-e|90.9|3900000000.0|null|['Transformer', 'JFT-3B']
CoAtNet-7|90.88|2440000000.0|2586.0|['Conv+Transformer', 'JFT-3B']
ViT-G/14 (Lion)|90.71|1843000000.0|null|['Transformer', 'JFT-3B']
CoCa (frozen)|90.6|2100000000.0|null|['Transformer', 'ALIGN', 'JFT-3B']
CoAtNet-6|90.45|1470000000.0|1521.0|['Conv+Transformer', 'JFT-3B']
ViT-G/14|90.45|1843000000.0|2859.9|['JFT-3B', 'Transformer']
DaViT-G|90.4|1437000000.0|1038.0|['Transformer']
DaViT-H|90.2|362000000.0|334.0|['Transformer']
Meta Pseudo Labels (EfficientNet-L2)|90.2|480000000.0|null|['JFT-300M', 'EfficientNet']
SwinV2-G|90.17|3000000000.0|null|['Transformer']
InternImage-DCNv3-G (M3I Pre-training)|90.1|3000000000.0|null|[']']
MAWS (ViT-6.5B)|90.1|6500000000.0|null|[']']
Florence-CoSwin-H|90.05|893000000.0|null|['FLD-900M', 'Transformer']
Meta Pseudo Labels (EfficientNet-B6-Wide)|90.0|390000000.0|null|['JFT-300M', 'EfficientNet']
RevCol-H|90.0|2158000000.0|null|['Pure CNN', 'Reversible', 'CNN']
ONE-PEACE|89.8|1520000000.0|null|[']']
MAWS (ViT-2B)|89.8|2000000000.0|null|[']']
EVA|89.7|1000000000.0|null|[']']
M3I Pre-training (InternImage-H)|89.6|null|null|['YFCC-15M', 'Laion-400M']
ViT-L/16 (384res, distilled from ViT-22B)|89.6|307000000.0|null|[']']
InternImage-H|89.6|1080000000.0|1478.0|[']']
MaxViT-XL (512res, JFT)|89.53|null|null|['JFT-300M']
MAWS (ViT-H)|89.5|650000000.0|null|[']']
MaxViT-XL (384res, JFT)|89.41|null|null|['JFT-300M']
MaxViT-L (512res, JFT)|89.41|null|null|['JFT-300M']
NFNet-F4+|89.2|527000000.0|367.0|['CNN', 'JFT-300M']
MaxViT-L (384res, JFT)|89.12|null|null|['JFT-300M']
MOAT-4 22K+1K|89.1|483200000.0|648.5|['ImageNet-22k']
FD (CLIP ViT-L-336)|89.0|307000000.0|null|['ImageNet-22k', 'CLIP data ']
Last Layer Tuning with Newton Step (ViT-G/14))|88.9|null|null|[']']
TokenLearner L/8 (24+11)|88.87|460000000.0|null|['Transformer', 'JFT-300M']
MaxViT-B (512res, JFT)|88.82|null|null|['JFT-300M']
MAWS (ViT-L)|88.8|null|null|[']']
MViTv2-H (512 res, ImageNet-21k pretrain)|88.8|667000000.0|763.5|['ImageNet-22k']
MaxViT-XL (512res, 21K)|88.7|null|null|[']']
MaxViT-B (384res, JFT)|88.69|null|null|[']']
ALIGN (EfficientNet-L2)|88.64|480000000.0|null|['ALIGN', 'EfficientNet']
EfficientNet-L2-475 (SAM)|88.61|480000000.0|null|['JFT-300M', 'EfficientNet']
ViT-B/16 (384res, distilled from ViT-22B)|88.6|86000000.0|null|[']']
BEiT-L (ViT; ImageNet-22K pretrain)|88.6|331000000.0|null|['ImageNet-22k', 'Transformer']
SWAG (ViT H/14)|88.6|633500000.0|1018.8|[']']
ViT-H/14|88.55|null|null|['JFT-300M', 'Transformer']
CoAtNet-3 @384|88.52|168000000.0|114.0|[']']
MaxViT-XL (384res, 21K)|88.51|null|null|['ImageNet-22k']
mPLUG-2|88.5|null|null|[']']
OpenCLIP ViT-H/14|88.5|null|null|[']']
FixEfficientNet-L2|88.5|480000000.0|585.0|['JFT-300M', 'EfficientNet']
ViTAE-H + MAE (448)|88.5|644000000.0|null|[']']
MaxViT-L (512res, 21K)|88.46|null|null|[']']
MViTv2-L (384 res, ImageNet-21k pretrain)|88.4|218000000.0|140.7|['ImageNet-22k']
NoisyStudent (EfficientNet-L2)|88.4|480000000.0|null|['JFT-300M', 'EfficientNet']
MaxViT-B (512res, 21K)|88.38|null|null|['ImageNet-22k']
Top-k DiffSortNets (EfficientNet-L2)|88.37|null|null|['EfficientNet', 'JFT-300M']
Adlik-ViT-SG+Swin_large+Convnext_xlarge(384)|88.36|1827000000.0|null|[']']
V-MoE-H/14 (Every-2)|88.36|7200000000.0|null|['JFT-300M', 'Transformer']
MaxViT-L (384res, 21K)|88.32|null|null|['ImageNet-22k']
Unicom (ViT-L/14@336px) (Finetuned)|88.3|null|null|[']']
PeCo (ViT-H, 448)|88.3|656000000.0|null|['Transformer', 'ImageNet-1k only']
MaxViT-B (384res, 21K)|88.24|null|null|['ImageNet-22k']
V-MoE-H/14 (Last-5)|88.23|2700000000.0|null|['JFT-300M', 'Transformer']
dBOT ViT-H (CLIP as Teacher)|88.2|null|null|['CLIP data ']
CAFormer-B36 (384 res, 21K)|88.1|99000000.0|72.2|['ImageNet-22k']
VIT-H/14|88.08|656000000.0|null|['JFT-300M', 'Transformer']
ViT-H@224 (cosub)|88.0|null|null|['ImageNet-22k']
UniRepLKNet-XL++|88.0|null|null|[']']
InternImage-XL|88.0|335000000.0|163.0|[']']
MViTv2-H (mageNet-21k pretrain)|88.0|667000000.0|120.6|['ImageNet-22k']
Mixer-H/14 (JFT-300M pre-train)|87.94|null|null|['JFT-300M', 'MLP']
UniRepLKNet-L++|87.9|null|null|[']']
dBOT ViT-L (CLIP as Teacher)|87.8|null|null|['CLIP data ']
MogaNet-XL (384res)|87.8|181000000.0|102.0|[']']
VAN-B6 (22K, 384res)|87.8|200000000.0|114.3|['ImageNet-22k']
RepLKNet-XL|87.8|335000000.0|128.7|['ImageNet-22k']
ConvNeXt-XL (ImageNet-22k)|87.8|350000000.0|179.0|['CNN', 'ImageNet-22k']
MAE (ViT-H, 448)|87.8|656000000.0|null|['Transformer', 'ImageNet-1k only']
ViT-L/16|87.76|null|null|['JFT-300M', 'Transformer']
HorNet-L (GF)|87.7|null|101.8|['ImageNet-22k']
InternImage-L|87.7|223000000.0|108.0|[']']
ConvFormer-B36 (384 res, 21K)|87.6|100000000.0|66.5|['ImageNet-22k']
BiT-L (ResNet)|87.54|null|null|['ImageNet-22k', 'ResNet']
PeCo (ViT-H, 224)|87.5|null|null|['Transformer', 'ImageNet-1k only']
ViT-L@224 (cosub)|87.5|null|null|['ImageNet-22k']
CAFormer-M36 (384 res, 21K)|87.5|56000000.0|42.0|['ImageNet-22k']
CSWin-L (384 res,ImageNet-22k pretrain)|87.5|173000000.0|96.8|['ImageNet-22k', 'Transformer']
DaViT-L (ImageNet-22k)|87.5|196800000.0|103.0|['ImageNet-22k']
DiNAT-Large (11x11ks; 384res; Pretrained on IN22K@224)|87.5|200000000.0|92.4|['ImageNet-22k']
V-MoE-L/16 (Every-2)|87.41|3400000000.0|null|['JFT-300M', 'Transformer']
DiNAT-Large (384x384; Pretrained on ImageNet-22K @ 224x224)|87.4|null|89.7|['ImageNet-22k']
data2vec 2.0|87.4|null|null|['ImageNet-1k only']
UniRepLKNet-B++|87.4|null|null|[']']
CAFormer-B36 (224 res, 21K)|87.4|99000000.0|23.2|['ImageNet-22k']
UniNet-B6|87.4|117000000.0|51.0|['ImageNet-22k']
DiNAT_s-Large (384res; Pretrained on IN22K@224)|87.4|197000000.0|101.5|['ImageNet-22k']
Swin-L (384 res, ImageNet-22k pretrain)|87.3|197000000.0|103.9|['ImageNet-22k', 'Transformer']
VOLO-D5+HAT|87.3|295500000.0|412.0|['ImageNet-1k only', 'Transformer']
EfficientNetV2 (PolyLoss)|87.2|null|null|[']']
ELSA-VOLO-D5 (512*512)|87.2|298000000.0|437.0|['Transformer', 'ImageNet-1k only']
Bamboo (Bamboo-H)|87.1|null|null|['ImageNet-1k only']
Swin-L@224 (cosub)|87.1|null|null|['ImageNet-22k']
FixEfficientNet-B7|87.1|66000000.0|82.0|['JFT-300M', 'EfficientNet']
FAN-L-Hybrid++|87.1|76800000.0|null|[']']
SwinV2-B|87.1|88000000.0|null|[']']
VOLO-D5|87.1|296000000.0|null|['ImageNet-1k only']
PatchConvNet-L120-21k-384|87.1|334300000.0|null|['PatchConvnet', 'ImageNet-22k']
16-TokenLearner B/16 (21)|87.07|null|null|['Transformer', 'JFT-300M']
MAE+DAT (ViT-H)|87.02|null|null|[']']
UniNet-B5|87.0|72900000.0|20.4|['ImageNet-22k']
VAN-B5 (22K, 384res)|87.0|90000000.0|50.6|[']']
ConvFormer-B36 (224 res, 21K)|87.0|100000000.0|22.6|['ImageNet-22k']
MAE (ViT-H)|86.9|null|null|['Transformer', 'ImageNet-1k only']
Hiera-H|86.9|null|null|['ImageNet-1k only', 'Transformer']
CAFormer-S36 (384 res, 21K)|86.9|39000000.0|26.0|['ImageNet-22k']
ConvFormer-M36 (384 res, 21K)|86.9|57000000.0|37.7|['ImageNet-22k']
NoisyStudent (EfficientNet-B7)|86.9|66000000.0|37.0|['JFT-300M', 'EfficientNet']
DaViT-B (ImageNet-22k)|86.9|87900000.0|46.4|[']']
MAWS (ViT-B)|86.8|null|null|[']']
EfficientNetV2-L (21k)|86.8|121000000.0|53.0|['ImageNet-22k', 'EfficientNet']
VOLO-D4|86.8|193000000.0|null|['ImageNet-1k only']
NFNet-F5 w/ SAM w/ augmult=16|86.78|377200000.0|null|['CNN', 'ImageNet-1k only']
\u00b52Net (ViT-L/16)|86.74|null|null|['ImageNet-22k']
ViT-B @384 (DeiT III, 21k)|86.7|null|null|['ImageNet-22k']
MaxViT-L (512res)|86.7|null|null|[']']
FixEfficientNet-B6|86.7|43000000.0|null|['JFT-300M', 'EfficientNet']
MOAT-3 1K only|86.7|190000000.0|271.0|[']']
Heinsen Routing + BEiT-large 16 224|86.7|312800000.0|null|['Transformer', 'ImageNet-1k only']
CLCNet (S:ViT+D:EffNet-B7) (retrain)|86.61|null|51.93|['ImageNet-1k only']
CAFormer-M36 (224 res, 21K)|86.6|56000000.0|13.2|['ImageNet-22k']
VAN-B4 (22K, 384res)|86.6|60000000.0|35.9|[']']
data2vec (ViT-H)|86.6|656000000.0|null|['ImageNet-1k only']
DiNAT_s-Large (224x224; Pretrained on ImageNet-22K @ 224x224)|86.5|null|34.5|['ImageNet-22k']
MKD ViT-L|86.5|null|null|['Teacher-22k', 'ImageNet-22k']
TinyViT-21M-512-distill (512 res, 21k)|86.5|21000000.0|27.0|['ImageNet-22k', 'Transformer']
PatchConvNet-B60-21k-384|86.5|99400000.0|null|['PatchConvnet', 'ImageNet-22k']
CaiT-M-48-448|86.5|438000000.0|377.3|['ImageNet-1k only', 'Transformer']
NFNet-F6 w/ SAM|86.5|438400000.0|377.28|['ImageNet-1k only']
CLCNet (S:ViT+D:VOLO-D3) (retrain)|86.46|null|57.46|['ImageNet-1k only']
CLCNet (S:ConvNeXt-L+D:EffNet-B7) (retrain)|86.42|null|45.43|['ImageNet-1k only']
MaxViT-L (384res)|86.4|null|null|[']']
UniRepLKNet-S++|86.4|null|null|[']']
FixEfficientNet-B5|86.4|30000000.0|null|['JFT-300M', 'EfficientNet']
ConvFormer-S36 (384 res, 21K)|86.4|40000000.0|22.4|['ImageNet-22k']
NoisyStudent (EfficientNet-B6)|86.4|43000000.0|null|['JFT-300M', 'EfficientNet']
Swin-B (384 res, ImageNet-22k pretrain)|86.4|88000000.0|47.0|['ImageNet-22k', 'Transformer']
CAFormer-B36 (384 res)|86.4|99000000.0|72.2|['ImageNet-1k only']
LV-ViT-L|86.4|151000000.0|214.8|['ImageNet-1k only', 'Transformer']
FixResNeXt-101 32x48d|86.4|829000000.0|null|['ResNeXt']
MaxViT-B (384res)|86.34|null|null|[']']
Bamboo (Bamboo-L)|86.3|null|null|['ImageNet-1k only']
ViT-B@224 (cosub)|86.3|null|null|['ImageNet-22k']
"Our SP-ViT-L|384"|86.3|null|null|[']']
BEiT-L (ViT; ImageNet 1k pretrain)|86.3|86000000.0|null|['Transformer', 'ImageNet-1k only']
VOLO-D3|86.3|86000000.0|null|['ImageNet-1k only']
VAN-B5 (22K)|86.3|90000000.0|17.2|[']']
UniFormer-L (384 res)|86.3|100000000.0|39.2|[']']
MViTv2-L (384 res)|86.3|218000000.0|140.2|[']']
CAIT-M36-448|86.3|271000000.0|247.8|['ImageNet-1k only', 'Transformer']
NFNet-F5 w/ SAM|86.3|377200000.0|289.76|['CNN', 'ImageNet-1k only']
Swin-B@224 (cosub)|86.2|null|null|['ImageNet-22k']
TinyViT-21M-384-distill (384 res, 21k)|86.2|21000000.0|13.8|['ImageNet-22k', 'Transformer']
CAFormer-M36 (384 res)|86.2|56000000.0|42.0|['ImageNet-1k only']
TransNeXt-Base (IN-1K supervised, 384)|86.2|89700000.0|56.3|['Transformer', 'ImageNet-1k only']
MIRL (ViT-B-48)|86.2|341000000.0|67.0|['Transformer', 'ImageNet-1k only']
MaxViT-S (512res)|86.19|null|null|[']']
NoisyStudent (EfficientNet-B5)|86.1|30000000.0|null|['JFT-300M', 'EfficientNet']
EfficientNetV2-M (21k)|86.1|55000000.0|null|['ImageNet-22k', 'EfficientNet']
ConvFormer-M36 (224 res, 21K)|86.1|57000000.0|12.8|['ImageNet-22k']
CAIT-M-36|86.1|270900000.0|173.3|['ImageNet-1k only', 'Transformer']
Refiner-ViT-L|86.03|81000000.0|null|['ImageNet-1k only', 'Transformer']
GPaCo (ViT-L)|86.01|null|null|['Contrastive', 'Transformer', 'ImageNet-1k only']
Omnivore (Swin-L)|86.0|null|null|[']']
"Our SP-ViT-M|384"|86.0|null|null|[']']
TransNeXt-Small (IN-1K supervised, 384)|86.0|49700000.0|32.1|['Transformer', 'ImageNet-1k only']
VOLO-D2|86.0|59000000.0|null|['ImageNet-1k only']
XCiT-L24|86.0|189000000.0|417.9|['Transformer', 'ImageNet-1k only']
SparK (ConvNeXt-Large, 384)|86.0|198000000.0|null|['ConvNeXt', 'CNN', 'ImageNet-1k only']
NFNet-F5|86.0|377200000.0|289.76|['CNN', 'ImageNet-1k only']
MAE (ViT-L)|85.9|null|null|['Transformer', 'ImageNet-1k only']
DAT-B++ (384x384)|85.9|null|null|[']']
FixEfficientNet-B4|85.9|19000000.0|null|['JFT-300M', 'EfficientNet']
NFNet-F4|85.9|316100000.0|215.24|['CNN', 'ImageNet-1k only']
ConvNeXt-B@224 (cosub)|85.8|null|null|['ImageNet-22k']
PiT-B@224 (cosub)|85.8|null|null|['ImageNet-22k']
GTP-ViT-B-Patch8/P20|85.8|null|null|[']']
CAFormer-S36 (224 res, 21K)|85.8|39000000.0|8.0|['ImageNet-22k']
XCiT-M24|85.8|84000000.0|188.0|['ImageNet-1k only', 'Transformer']
Fix-EfficientNet-B8 (MaxUp + CutMix)|85.8|87420000.0|null|['ImageNet-1k only', 'EfficientNet']
KDforAA (EfficientNet-B8)|85.8|88000000.0|null|['ImageNet-1k only', 'EfficientNet']
CAIT-M-24|85.8|185900000.0|116.1|['ImageNet-1k only', 'Transformer']
ViT-L @384 (DeiT III)|85.8|304800000.0|191.2|['ImageNet-1k only']
SEER (RG-10B)|85.8|10000000000.0|null|['Self-Supervised Learning', 'RegNet', 'IG-1B']
MaxViT-T(512res)|85.72|null|null|[']']
FixEfficientNet-B8|85.7|null|null|['ImageNet-1k only', 'EfficientNet']
EfficientNetV2-L|85.7|null|null|['ImageNet-1k only', 'EfficientNet']
ViT-B @224 (DeiT III, 21k)|85.7|null|null|['ImageNet-22k']
dBOT ViT-B (CLIP as Teacher)|85.7|null|null|['CLIP data ']
CAFormer-S36 (384 res)|85.7|39000000.0|26.0|['ImageNet-1k only']
VAN-B4 (22K)|85.7|60000000.0|12.2|[']']
ConvFormer-B36 (384 res)|85.7|100000000.0|66.5|['ImageNet-1k only']
NFNet-F3|85.7|254900000.0|114.76|['CNN', 'ImageNet-1k only']
ViT-H @224 (DeiT-III + AugSub)|85.7|632000000.0|null|[']']
XCiT-S24|85.6|48000000.0|106.0|['Transformer', 'ImageNet-1k only']
ConvFormer-M36 (384 res)|85.6|57000000.0|37.7|['ImageNet-1k only']
UniFormer-L|85.6|100000000.0|12.6|[']']
ViT-L@384 (attn finetune)|85.5|null|null|['ImageNet-1k only']
Our SP-ViT-L|85.5|null|null|[']']
Mini-Swin-B@384|85.5|47000000.0|98.8|['Conv+Transformer', 'ImageNet-1k only', 'Transformer']
Wave-ViT-L|85.5|57500000.0|14.8|[']']
KDforAA (EfficientNet-B7)|85.5|66000000.0|null|['ImageNet-1k only', 'EfficientNet']
HaloNet4 (base 128, Conv-12)|85.5|87000000.0|null|['Transformer', 'ImageNet-1k only']
AdvProp (EfficientNet-B8)|85.5|88000000.0|null|['ImageNet-1k only', 'EfficientNet']
CAFormer-B36 (224 res)|85.5|99000000.0|23.2|['ImageNet-1k only']
ConvNeXt-L (384 res)|85.5|198000000.0|101.0|[']']
EfficientNet-B8 (RandAugment)|85.4|null|null|['ImageNet-1k only', 'EfficientNet']
BiFormer-B* (IN1k ptretrain)|85.4|null|null|[']']
GTP-EVA-L/P8|85.4|null|null|[']']
PatchConvNet-S60-21k-512|85.4|25200000.0|null|['ImageNet-22k', 'PatchConvnet']
CAFormer-S18 (384 res, 21K)|85.4|26000000.0|13.4|['ImageNet-22k']
ConvFormer-S36 (224 res, 21K)|85.4|40000000.0|7.6|['ImageNet-22k']
ConvFormer-S36 (384 res)|85.4|40000000.0|22.4|['ImageNet-1k only']
CAIT-S-36|85.4|68200000.0|48.0|['ImageNet-1k only', 'Transformer']
ResNeXt-101 32x48d|85.4|829000000.0|306.0|['IG-1B', 'ResNeXt']
BiT-M (ResNet)|85.39|928000000.0|null|['ImageNet-22k', 'ResNet']
ViT-L/16 Dosovitskiy et al. (2021)|85.3|null|null|['JFT-300M', 'Transformer']
Omnivore (Swin-B)|85.3|null|null|[']']
NoisyStudent (EfficientNet-B4)|85.3|19000000.0|null|['EfficientNet']
CAIT-S-48|85.3|89500000.0|63.8|['ImageNet-1k only', 'Transformer']
ViT-L @224 (DeiT-III + AugSub)|85.3|304000000.0|null|[']']
CLCNet (S:D1+D:D5)|85.28|null|47.43|['ImageNet-1k only']
MaxViT-T (384res)|85.24|null|null|[']']
ViT-H @224 (DeiT III)|85.2|null|null|['ImageNet-1k only']
VOLO-D1|85.2|27000000.0|null|['ImageNet-1k only']
CAFormer-M36 (224 res)|85.2|56000000.0|13.2|['ImageNet-1k only']
AdvProp (EfficientNet-B7)|85.2|66000000.0|null|['ImageNet-1k only', 'EfficientNet']
UniNet-B5|85.2|73500000.0|23.2|[']']
DeiT-B 384|85.2|87000000.0|null|['ImageNet-1k only', 'Transformer']
EfficientNetV2-M|85.1|null|null|['ImageNet-1k only', 'EfficientNet']
MKD ViT-B|85.1|null|null|['Teacher-22k', 'ImageNet-22k']
"SP-ViT-S|384"|85.1|null|null|[']']
XCiT-S12|85.1|26000000.0|55.6|['Transformer', 'ImageNet-1k only']
CAIT-S-24|85.1|46900000.0|32.2|['ImageNet-1k only', 'Transformer']
ResNet200_vd_26w_4s_ssld|85.1|76000000.0|null|['ResNet']
MixMIM-B|85.1|88000000.0|16.3|[']']
NFNet-F2|85.1|193800000.0|62.59|['CNN', 'ImageNet-1k only']
ResNeXt-101 32x32d|85.1|466000000.0|174.0|['ResNeXt']
DiscreteViT|85.07|null|null|['Transformer', 'ImageNet-1k only']
EfficientNetV2-S (21k)|85.0|null|null|['ImageNet-22k', 'EfficientNet']
ViT-M@224 (cosub)|85.0|null|null|['ImageNet-22k']
ViC-MAE (ViT-L)|85.0|null|null|[']']
FixEfficientNet-B3|85.0|12000000.0|null|['ImageNet-1k only', 'EfficientNet']
CAFormer-S18 (384 res)|85.0|26000000.0|13.4|['ImageNet-1k only']
ConvFormer-S18 (384 res, 21K)|85.0|27000000.0|11.6|['ImageNet-22k']
EfficientNet-B7 (RandAugment)|85.0|66000000.0|null|['ImageNet-1k only', 'EfficientNet']
ViT-B @384 (DeiT III)|85.0|87000000.0|null|['ImageNet-1k only']
MaxViT-B (224res)|84.95|null|null|[']']
CaiT-S24|84.91|null|null|[']']
ViT-L @224 (DeiT III)|84.9|null|null|['ImageNet-1k only']
Our SP-ViT-M|84.9|null|null|[']']
DAT-B++ (224x224)|84.9|null|null|[']']
CvT-21 (384 res, ImageNet-22k pretrain)|84.9|32000000.0|25.0|['ImageNet-22k', 'Transformer']
InternImage-B|84.9|97000000.0|16.0|[']']
TinyViT-21M-distill (21k)|84.8|21000000.0|4.3|['ImageNet-22k', 'Transformer']
Wave-ViT-B|84.8|33500000.0|7.2|[']']
CAIT-XS-36|84.8|38600000.0|28.8|['ImageNet-1k only', 'Transformer']
SReT-B (384 res, ImageNet-1K only)|84.8|71200000.0|null|['ImageNet-1k only', 'Transformer']
MViT-B-24|84.8|72900000.0|null|['Transformer', 'ImageNet-1k only']
ActiveMLP-L|84.8|76400000.0|36.4|[']']
NoisyViT-B (384res, ImageNet-21k pretrain)|84.8|86000000.0|null|[']']
DAT-B (384 res, IN-1K only)|84.8|88000000.0|49.8|['Transformer']
MIRL(ViT-S-54)|84.8|96000000.0|18.8|['Transformer', 'ImageNet-1k only']
ConvFormer-B36 (224 res)|84.8|100000000.0|22.6|['ImageNet-1k only']
ResNeXt-101 32x16d (semi-weakly sup.)|84.8|193000000.0|null|['IG-1B', 'ResNeXt']
ELSA-VOLO-D1|84.7|27000000.0|8.0|['ImageNet-1k only']
TransNeXt-Small (IN-1K supervised, 224)|84.7|49700000.0|10.3|['Transformer', 'ImageNet-1k only']
Next-ViT-L @384|84.7|57800000.0|32.0|[']']
BoTNet T7|84.7|75100000.0|null|['ImageNet-1k only', 'Transformer']
MogaNet-L|84.7|83000000.0|15.9|['CNN']
"LITv2-B|384"|84.7|87000000.0|39.7|[']']
NFNet-F1|84.7|132600000.0|35.54|['CNN', 'ImageNet-1k only']
DAT-S++|84.6|null|null|[']']
Sequencer2D-L\u2191392|84.6|54000000.0|50.7|[']']
SE-CoTNetD-152|84.6|55800000.0|26.5|[']']
DaViT-B|84.6|87900000.0|15.5|['ImageNet-1k only', 'Transformer']
ReXNet-R_3.0|84.5|34800000.0|null|[']']
CAFormer-S36 (224 res)|84.5|39000000.0|8.0|['ImageNet-1k only']
ConvFormer-M36 (224 res)|84.5|57000000.0|12.8|['ImageNet-1k only']
GC ViT-B|84.5|90000000.0|14.8|[']']
ResNeSt-269|84.5|111000000.0|null|['CNN', 'ImageNet-1k only']
MaxViT-S (224res)|84.45|null|null|[']']
GPIPE|84.4|null|null|['ImageNet-1k only']
ConvFormer-S18 (384 res)|84.4|27000000.0|11.6|['ImageNet-1k only']
EfficientNet-B7|84.4|66000000.0|37.0|['ImageNet-1k only', 'EfficientNet']
DiNAT-Base|84.4|90000000.0|13.7|['Neighborhood Attention', 'NAT Transformer', 'Transformer', 'ImageNet-1k only']
ResNet-RS-50 (160 image res)|84.4|192000000.0|4.6|['ImageNet-1k only', 'ResNet']
ColorNet (RHYLH with Conv Layer)|84.32|null|null|[']']
ViT-B@384 (attn finetune)|84.3|null|null|['ImageNet-1k only']
BiFormer-S* (IN1k ptretrain)|84.3|null|null|[']']
SReT-S (512 res, ImageNet-1K only)|84.3|21300000.0|42.8|['ImageNet-1k only', 'Transformer']
LambdaResNet200|84.3|42000000.0|null|['CNN', 'ImageNet-1k only']
MogaNet-B|84.3|44000000.0|9.9|['CNN']
TResNet-XL|84.3|77000000.0|null|['CNN', 'ImageNet-1k only']
ResNeXt-101 32x8d (semi-weakly sup.)|84.3|88000000.0|null|['ResNeXt']
NAT-Base|84.3|90000000.0|13.7|['Transformer', 'ImageNet-1k only', 'Neighborhood Attention', 'NAT Transformer']
Assemble-ResNet152|84.2|null|15.8|['ImageNet-1k only', 'ResNet']
BoTNet T7-320|84.2|null|null|['ImageNet-1k only', 'Transformer']
"ViP-B|384"|84.2|null|null|['Transformer', 'ImageNet-1k only']
Bamboo (Bamboo-B)|84.2|null|null|['ImageNet-1k only']
RegnetY16GF@224 (cosub)|84.2|null|null|['ImageNet-22k']
EfficientViT-B3 (r288)|84.2|null|null|[']']
InternImage-S|84.2|50000000.0|8.0|[']']
UniNet-B4|84.2|73500000.0|9.9|[']']
DeiT-B|84.2|86000000.0|null|['ImageNet-1k only', 'Transformer']
ViT-B @224 (DeiT-III + AugSub)|84.2|86600000.0|null|[']']
RevBiFPN-S6|84.2|142300000.0|38.1|['Reversible', 'FPN', 'CNN', 'ImageNet-1k only']
ResNeXt-101 32\u00d716d|84.2|194000000.0|72.0|[']']
FBNetV5-F-CLS|84.1|null|2.1|[']']
ViT-B-36x1|84.1|null|null|['ImageNet-1k only']
ViT-B-18x2|84.1|null|null|['ImageNet-1k only']
XCiT-M (+MixPro)|84.1|null|null|[']']
NoisyStudent (EfficientNet-B3)|84.1|12000000.0|null|['ImageNet-1k only', 'EfficientNet']
CAFormer-S18 (224 res, 21K)|84.1|26000000.0|4.1|['ImageNet-22k']
CAIT-XS-24|84.1|26600000.0|19.3|['ImageNet-1k only', 'Transformer']
ConvFormer-S36 (224 res)|84.1|40000000.0|7.6|['ImageNet-1k only']
LV-ViT-M|84.1|56000000.0|16.0|['ImageNet-1k only', 'Transformer']
Conformer-B|84.1|83300000.0|46.6|['ImageNet-1k only', 'Transformer']
PatchConvNet-B120|84.1|188600000.0|null|['ImageNet-1k only', 'PatchConvnet']
GPaCo (Vit-B)|84.0|null|null|[']']
AIM-7B|84.0|null|null|[']']
FixEfficientNetB4|84.0|19000000.0|null|['ImageNet-1k only', 'EfficientNet']
Fix_ResNet50_vd_ssld|84.0|25580000.0|null|['ResNet']
TransNeXt-Tiny (IN-1K supervised, 224)|84.0|28200000.0|5.7|['Transformer', 'ImageNet-1k only']
LambdaResNet152|84.0|35000000.0|null|['ImageNet-1k only', 'ResNet']
EfficientNet-B6|84.0|43000000.0|19.0|['ImageNet-1k only', 'EfficientNet']
GC ViT-S|84.0|51000000.0|8.5|[']']
BoTNet T6|84.0|53900000.0|null|['ImageNet-1k only', 'Transformer']
PiT-B|84.0|73800000.0|12.5|['ImageNet-1k only', 'Transformer']
DeepMAD-89M|84.0|89000000.0|15.4|['ImageNet-1k only', 'CNN']
Our SP-ViT-S|83.9|null|null|[']']
UniRepLKNet-S|83.9|null|null|[']']
DAT-T++|83.9|null|null|[']']
Wave-ViT-S|83.9|22700000.0|4.7|[']']
EfficientNetV2-S|83.9|24000000.0|8.8|['ImageNet-1k only', 'EfficientNet']
ASF-former-B|83.9|56700000.0|null|[']']
DynamicViT-LV-M/0.8|83.9|57100000.0|null|['ImageNet-1k only', 'Transformer']
TNT-B|83.9|65600000.0|null|['ImageNet-1k only', 'Transformer']
ResNeSt-200|83.9|70000000.0|null|['CNN', 'ImageNet-1k only']
AmoebaNet-A|83.9|469000000.0|208.0|['CNN', 'ImageNet-1k only']
CLCNet (S:B4+D:B7)|83.88|null|18.58|['ImageNet-1k only']
ResNet-RS-270 (256 image res)|83.8|null|54.0|['ImageNet-1k only', 'ResNet']
SENet-350|83.8|null|null|['ImageNet-1k only', 'Transformer']
ViT-B @224 (DeiT III)|83.8|null|null|['ImageNet-1k only']
SReT-S (384 res, ImageNet-1K only)|83.8|21000000.0|18.5|['ImageNet-1k only', 'Transformer']
DiNAT-Small|83.8|51000000.0|7.8|['Neighborhood Attention', 'NAT Transformer', 'Transformer', 'ImageNet-1k only']
Transformer local-attention (NesT-B)|83.8|68000000.0|17.9|['ImageNet-1k only', 'Transformer']
PVTv2-B4|83.8|82000000.0|11.8|['Transformer', 'ImageNet-1k only']
CA-Swin-S (+MixPro)|83.7|null|null|[']']
GTP-ViT-L/P8|83.7|null|null|[']']
ConvFormer-S18 (224 res, 21K)|83.7|27000000.0|3.9|['ImageNet-22k']
DAT-S|83.7|50000000.0|9.0|[']']
NAT-Small|83.7|51000000.0|7.8|['Transformer', 'ImageNet-1k only', 'Neighborhood Attention', 'NAT Transformer']
QnA-ViT-Base|83.7|56000000.0|9.7|[']']
RevBiFPN-S5|83.7|82000000.0|21.8|['Reversible', 'FPN', 'CNN', 'ImageNet-1k only']
Pyramid ViG-B|83.7|92600000.0|16.8|[']']
Twins-SVT-L|83.7|99200000.0|15.1|['ImageNet-1k only', 'Transformer']
TransBoost-ViT-S|83.67|22050000.0|null|[']']
XCiT-S|83.65|null|null|[']']
MaxViT-T (224res)|83.62|null|null|[']']
Wave-ViT-S|83.61|null|null|[']']
LITv2-B|83.6|null|13.2|[']']
MultiGrain PNASNet (500px)|83.6|null|null|['CNN', 'ImageNet-1k only']
MAE (ViT-L)|83.6|null|null|['Transformer', 'ImageNet-1k only']
PAT-B|83.6|null|null|[']']
FixEfficientNet-B2|83.6|9200000.0|null|['ImageNet-1k only', 'EfficientNet']
CAFormer-S18 (224 res)|83.6|26000000.0|4.1|[']']
IPT-B|83.6|39300000.0|7.8|[']']
ViTAE-B-Stage|83.6|48500000.0|27.6|['Transformer', 'ImageNet-1k only']
ResT-Large|83.6|51630000.0|7.9|['ImageNet-1k only', 'Transformer']
NFNet-F0|83.6|71500000.0|12.38|['CNN', 'ImageNet-1k only']
SE-ResNeXt-101, 64x4d, S=2(320px)|83.6|98000000.0|38.2|[']']
ResMLP-B24/8|83.6|116000000.0|null|['ImageNet-1k only', 'MLP']
BoTNet T5|83.5|null|19.3|['ImageNet-1k only', 'Transformer']
InternImage-T|83.5|30000000.0|5.0|[']']
PatchConvNet-B60|83.5|99400000.0|null|['ImageNet-1k only', 'PatchConvnet']
ViT-B (hMLP + BeiT)|83.4|null|null|[']']
UniFormer-S|83.4|22000000.0|3.6|[']']
ViT-S @384 (DeiT III)|83.4|22000000.0|15.5|[']']
MogaNet-S|83.4|25000000.0|5.0|['CNN']
GC ViT-T|83.4|28000000.0|4.7|[']']
ResNeXt-101 32x4d (semi-weakly sup.)|83.4|42000000.0|null|['ResNeXt']
Sequencer2D-L|83.4|54000000.0|16.6|[']']
sMLPNet-B (ImageNet-1k)|83.4|65900000.0|null|['ImageNet-1k only', 'MLP']
SE-ResNeXt-101, 64x4d, S=2(416px)|83.34|98000000.0|61.1|['ImageNet-1k only', 'ResNeXt']
CvT-21 (384 res)|83.3|null|24.9|['ImageNet-1k only', 'Transformer']
"T2T-ViT-14|384"|83.3|null|34.2|['ImageNet-1k only', 'Transformer']
CeiT-S (384 finetune res)|83.3|24200000.0|12.9|['ImageNet-1k only', 'Transformer']
LV-ViT-S|83.3|26000000.0|6.6|[']']
MOAT-0 1K only|83.3|27800000.0|5.7|[']']
EfficientNet-B5|83.3|30000000.0|9.9|['ImageNet-1k only', 'EfficientNet']
Transformer local-attention (NesT-S)|83.3|38000000.0|10.4|['ImageNet-1k only', 'Transformer']
ViL-Medium-D|83.3|39700000.0|8.7|['ImageNet-1k only', 'Transformer']
LITv2-M|83.3|49000000.0|7.5|[']']
Shift-B|83.3|88000000.0|15.2|[']']
MultiGrain PNASNet (450px)|83.2|null|null|['CNN', 'ImageNet-1k only']
Meta Pseudo Labels (ResNet-50)|83.2|null|null|[']']
UniRepLKNet-T|83.2|null|null|[']']
TinyViT-11M-distill (21k)|83.2|11000000.0|2.0|['ImageNet-22k', 'Transformer']
ReXNet-R_2.0|83.2|16500000.0|null|[']']
QnA-ViT-Small|83.2|25000000.0|4.4|[']']
NAT-Tiny|83.2|28000000.0|4.3|['Transformer', 'ImageNet-1k only', 'Neighborhood Attention', 'NAT Transformer']
SE-CoTNetD-101|83.2|40900000.0|8.5|[']']
Next-ViT-B|83.2|44800000.0|8.3|[']']
PVTv2-B3|83.2|45200000.0|6.9|['Transformer', 'ImageNet-1k only']
PatchConvNet-S120|83.2|47700000.0|null|['ImageNet-1k only', 'PatchConvnet']
ViL-Base-D|83.2|55700000.0|13.4|['ImageNet-1k only', 'Transformer']
CycleMLP-B5|83.2|76000000.0|12.3|['ImageNet-1k only', 'MLP']
MultiGrain SENet154 (450px)|83.1|null|null|['CNN', 'ImageNet-1k only']
DeepVit-L* (DeiT training recipe)|83.1|null|null|['ImageNet-1k only', 'Transformer']
ViT-S @224 (DeiT III, 21k)|83.1|null|null|[']']
MKD ViT-S|83.1|null|null|[']']
ViT-S@224 (cosub)|83.1|null|null|['ImageNet-22k']
PAT-S|83.1|null|null|[']']
TinyViT-21M|83.1|21000000.0|4.3|['ImageNet-1k only', 'Transformer']
sMLPNet-S (ImageNet-1k)|83.1|48600000.0|null|['ImageNet-1k only', 'MLP']
Pyramid ViG-M|83.1|51700000.0|8.9|[']']
SwinV2-Ti|83.09|null|null|[']']
gSwin-S|83.01|39800000.0|7.0|['ImageNet-1k only', 'Swin-Transformer', 'MLP']
MultiGrain SENet154 (400px)|83.0|null|null|['CNN', 'ImageNet-1k only']
CvT-13 (384 res)|83.0|20000000.0|16.3|['ImageNet-1k only', 'Transformer']
ResNet50_vd_ssld|83.0|25580000.0|null|['ImageNet-1k only', 'ResNet']
ConvFormer-S18 (224 res)|83.0|27000000.0|3.9|['ImageNet-1k only']
MViT-B-16|83.0|37000000.0|null|['Transformer', 'ImageNet-1k only']
ResNeSt-101|83.0|48000000.0|null|['CNN', 'ImageNet-1k only']
RevBiFPN-S4|83.0|48700000.0|10.6|['Reversible', 'FPN', 'CNN', 'ImageNet-1k only']
ZenNAS (0.8ms)|83.0|183000000.0|13.9|[']']
NASViT (supernet)|82.9|null|1.881|[']']
DeiT-B (+MixPro)|82.9|null|null|[']']
IPT-S|82.9|24300000.0|4.7|[']']
ViL-Medium-W|82.9|39800000.0|null|['ImageNet-1k only', 'Transformer']
GFNet-H-B|82.9|54000000.0|8.6|['Transformer', 'ImageNet-1k only']
Oct-ResNet-152 (SE)|82.9|66800000.0|22.2|['CNN', 'ImageNet-1k only']
PNASNet-5|82.9|86100000.0|50.0|['CNN', 'ImageNet-1k only']
Harm-SE-RNX-101 64x4d (320x320, Mean-Max Pooling)|82.85|88200000.0|31.4|['CNN', 'ImageNet-1k only']
GTP-LV-ViT-M/P8|82.8|null|8.0|[']']
FunMatch - T384+224 (ResNet-50)|82.8|null|null|['CNN', 'ImageNet-1k only']
CA-Swin-T (+MixPro)|82.8|null|null|[']']
VAN-B2|82.8|26600000.0|5.0|[']']
DaViT-T|82.8|28300000.0|null|['ImageNet-1k only', 'Transformer']
ReXNet_3.0|82.8|34700000.0|3.4|['ImageNet-1k only']
Sequencer2D-M|82.8|38000000.0|11.1|[']']
CrossViT-18+|82.8|44300000.0|9.5|['ImageNet-1k only', 'Transformer']
Shift-S|82.8|50000000.0|8.5|[']']
HRFormer-B|82.8|50300000.0|13.7|[']']
BoTNet T4|82.8|54700000.0|10.9|['ImageNet-1k only', 'Transformer']
"CCT-14/7x2 | 384"|82.71|null|null|['Transformer', 'ImageNet-1k only']
MultiGrain SENet154 (500px)|82.7|null|null|['CNN', 'ImageNet-1k only']
PVT-M (+MixPro)|82.7|null|null|[']']
ASF-former-S|82.7|19300000.0|null|[']']
Container Container|82.7|22100000.0|8.1|[']']
UniNet-B2|82.7|22500000.0|2.4|[']']
DiNAT-Tiny|82.7|28000000.0|4.3|['Neighborhood Attention', 'Transformer', 'NAT Transformer', 'ImageNet-1k only']
ELSA-Swin-T|82.7|28000000.0|4.8|[']']
NASNET-A(6)|82.7|88900000.0|23.8|['CNN', 'ImageNet-1k only']
RVT-B*|82.7|91800000.0|17.7|['ImageNet-1k only', 'Transformer']
FBNetV5-C-CLS|82.6|null|1.0|[']']
MultiGrain PNASNet (400px)|82.6|null|null|['CNN', 'ImageNet-1k only']
ViT-S-24x2|82.6|null|null|[']']
FixEfficientNet-B1|82.6|7800000.0|null|['ImageNet-1k only', 'EfficientNet']
EfficientNet-B4|82.6|19000000.0|4.2|['ImageNet-1k only', 'EfficientNet']
DeiT-B|82.6|22000000.0|null|['ImageNet-1k only', 'Transformer']
T2T-ViTt-24|82.6|64400000.0|30.0|['ImageNet-1k only', 'Transformer']
ViT-S|82.54|null|null|[']']
CvT-21|82.5|null|7.1|['ImageNet-1k only', 'Transformer']
TransNeXt-Micro (IN-1K supervised, 224)|82.5|12800000.0|2.7|['Transformer', 'ImageNet-1k only']
FixResNet-50 Billion-scale@224|82.5|25600000.0|null|[']']
Next-ViT-S|82.5|31700000.0|5.8|[']']
LeViT-384|82.5|39400000.0|2.334|['ImageNet-1k only', 'Transformer']
CrossViT-18|82.5|43300000.0|9.0|['ImageNet-1k only', 'Transformer']
MetaFormer PoolFormer-M48|82.5|73000000.0|23.2|['Transformer', 'ImageNet-1k only']
ConViT-B+|82.5|152000000.0|30.0|['ImageNet-1k only', 'Transformer']
TransBoost-ConvNext-T|82.46|28590000.0|null|[']']
NoisyStudent (EfficientNet-B2)|82.4|9200000.0|null|['ImageNet-1k only', 'JFT-300M', 'EfficientNet']
AutoFormer-base|82.4|54000000.0|11.0|['ImageNet-1k only', 'Transformer']
ResNet-152 (A2 + reg)|82.4|60200000.0|null|['CNN', 'ImageNet-1k only']
ConViT-B|82.4|86000000.0|17.0|['ImageNet-1k only', 'Transformer']
DeiT-B with iRPE-K|82.4|87000000.0|35.368|['ImageNet-1k only', 'Transformer']
Mega|82.4|90000000.0|null|[']']
ResMLP-B24 + STD|82.4|122600000.0|24.1|[']']
ViT-B/16-224+HTM|82.37|null|null|[']']
ColorNet|82.35|null|null|['CNN', 'ImageNet-1k only']
T2T-ViT-24|82.3|null|27.6|['ImageNet-1k only', 'Transformer']
ViT-S-48x1|82.3|null|null|[']']
MViTv2-T|82.3|24000000.0|4.7|[']']
SCARLET-A4|82.3|27800000.0|8.4|['CNN', 'ImageNet-1k only']
Sequencer2D-S|82.3|28000000.0|8.4|[']']
CrossViT-15+|82.3|28200000.0|6.1|['ImageNet-1k only', 'Transformer']
GLiT-Bases|82.3|96100000.0|17.0|['Transformer', 'ImageNet-1k only']
EViT (delete)|82.29|null|null|[']']
STViT-Swin-Ti|82.22|null|null|[']']
BossNet-T1|82.2|null|15.8|[']']
CAIT-XXS-36|82.2|17300000.0|14.3|['ImageNet-1k only', 'Transformer']
CvT-13-NAS|82.2|18000000.0|4.1|['ImageNet-1k only', 'Transformer']
ViTAE-S-Stage|82.2|19200000.0|12.0|['Transformer', 'ImageNet-1k only']
T2T-ViTt-19|82.2|39200000.0|19.6|['ImageNet-1k only', 'Transformer']
Evo-LeViT-384*|82.2|39600000.0|null|['Transformer', 'ImageNet-1k only']
Visformer-S|82.2|40200000.0|4.9|['ImageNet-1k only', 'Transformer']
ConViT-S+|82.2|48000000.0|10.0|['ImageNet-1k only', 'Transformer']
ConvMixer-1536/20|82.2|51600000.0|null|['Mixer', 'ImageNet-1k only']
DeepVit-L|82.2|55000000.0|null|['ImageNet-1k only', 'Transformer']
SENet-152|82.2|66600000.0|null|['Transformer', 'ImageNet-1k only']
ResNeXt-101 32x8d|82.2|88000000.0|null|['ImageNet-1k only', 'ResNeXt']
TransBoost-Swin-T|82.16|71710000.0|null|[']']
ResNeXt-101, 64x4d, S=2(224px)|82.13|88600000.0|18.8|['ImageNet-1k only', 'ResNeXt']
ToMe-ViT-S|82.11|null|null|[']']
PatchConvNet-S60|82.1|25200000.0|null|['ImageNet-1k only', 'PatchConvnet']
Pyramid ViG-S|82.1|27300000.0|4.6|[']']
ConvNeXt-T|82.1|29000000.0|4.5|[']']
CycleMLP-B2 + STD|82.1|30100000.0|4.0|[']']
CeiT-S|82.0|null|4.5|['ImageNet-1k only', 'Transformer']
DIFFQ (\u03bb=1e\u22122)|82.0|null|null|['CNN', 'ImageNet-1k only']
NEXcepTion-S|82.0|null|null|[']']
GC ViT-XT|82.0|20000000.0|2.6|[']']
Container-Light|82.0|20000000.0|3.2|['CNN', 'Transformer', 'ImageNet-1k only']
ViL-Small|82.0|24600000.0|4.86|['ImageNet-1k only', 'Transformer']
PVTv2-B2|82.0|25400000.0|4.0|['Transformer', 'ImageNet-1k only']
ActiveMLP-T|82.0|27200000.0|4.0|[']']
LITv2-S|82.0|28000000.0|3.7|[']']
DAT-T|82.0|29000000.0|4.6|[']']
Swin-T (SAMix+DM)|81.97|null|null|[']']
EViT (fuse)|81.96|null|null|[']']
Swin-T (AutoMix+DM)|81.92|null|null|[']']
GTP-LV-ViT-S/P8|81.9|null|4.8|[']']
T2T-ViT-19|81.9|null|17.0|['ImageNet-1k only', 'Transformer']
ResNet-101 (224 res, Fast Knowledge Distillation)|81.9|null|null|['ImageNet-1k only', 'ResNet']
Discrete Adversarial Distillation (ViT-B, 224)|81.9|null|null|[']']
RVT-S*|81.9|23300000.0|4.7|['ImageNet-1k only', 'Transformer']
PiT-S|81.9|23500000.0|2.9|['ImageNet-1k only', 'Transformer']
sMLPNet-T (ImageNet-1k)|81.9|24100000.0|null|['ImageNet-1k only', 'MLP']
ViL-Base-W|81.9|79000000.0|6.74|['ImageNet-1k only', 'Transformer']
Swin-T+SSA|81.89|null|null|[']']
AOGNet-40M-AN|81.87|null|7.51|['ImageNet-1k only']
FBNetV5|81.8|null|0.726|['Transformer', 'ImageNet-1k only']
NASViT-A5|81.8|null|0.757|[']']
ResNet-200|81.8|null|null|['ImageNet-1k only', 'ResNet']
RepMLPNet-L256|81.8|null|null|['MLP', 'ImageNet-1k only']
NEXcepTion-TP|81.8|null|null|[']']
NAT-Mini|81.8|20000000.0|2.7|['Transformer', 'ImageNet-1k only', 'Neighborhood Attention', 'NAT Transformer']
DiNAT-Mini|81.8|20000000.0|2.7|['Neighborhood Attention', 'NAT Transformer', 'ImageNet-1k only', 'Transformer']
ResNet-152 (A2)|81.8|60200000.0|null|['ImageNet-1k only']
MEAL V2 (ResNet-50) (380 res)|81.72|25600000.0|null|[']']
gSwin-T|81.71|21800000.0|3.6|['ImageNet-1k only', 'Swin-Transformer', 'MLP']
FBNetV5-A-CLS|81.7|null|0.685|[']']
T2T-ViT-14|81.7|null|null|['ImageNet-1k only', 'Transformer']
QnA-ViT-Tiny|81.7|16000000.0|2.5|[']']
AutoFormer-small|81.7|22900000.0|5.1|['ImageNet-1k only', 'Transformer']
Shift-T|81.7|28000000.0|4.4|[']']
BoTNet T3|81.7|33500000.0|7.3|['ImageNet-1k only', 'Transformer']
CvT-13|81.6|null|4.5|['ImageNet-1k only', 'Transformer']
ResNet-152 (SAM)|81.6|null|null|['ImageNet-1k only', 'ResNet']
UniRepLKNet-N|81.6|null|null|[']']
CloFormer-S|81.6|12300000.0|2.0|[']']
LeViT-256|81.6|17800000.0|1.066|['ImageNet-1k only', 'Transformer']
ReXNet_2.0|81.6|19000000.0|1.5|['ImageNet-1k only']
SE-CoTNetD-50|81.6|23100000.0|4.1|[']']
gMLP-B|81.6|73000000.0|31.6|['ImageNet-1k only', 'MLP']
CoE-Large + CondConv|81.5|null|0.214|[']']
GTP-DeiT-B/P8|81.5|null|13.1|[']']
NEXcepTion-T|81.5|null|null|[']']
NoisyStudent (EfficientNet-B1)|81.5|7800000.0|null|['JFT-300M', 'EfficientNet']
TinyViT-11M|81.5|11000000.0|2.0|['ImageNet-1k only', 'Transformer']
Transformer local-attention (NesT-T)|81.5|17000000.0|5.8|['ImageNet-1k only', 'Transformer']
T2T-ViT-14|81.5|21500000.0|9.6|['ImageNet-1k only', 'Transformer']
CrossViT-15|81.5|27400000.0|5.8|['ImageNet-1k only', 'Transformer']
PyConvResNet-101|81.49|42300000.0|null|['CNN', 'ImageNet-1k only']
NASViT-A4|81.4|null|0.591|[']']
DeiT-S with iRPE-QKV|81.4|null|9.77|['ImageNet-1k only', 'Transformer']
ViT-S @224 (DeiT III)|81.4|null|null|[']']
BiFormer-T (IN1k ptretrain)|81.4|null|null|[']']
MobileOne-S4 (distill)|81.4|14800000.0|2.9|[']']
SENet-101|81.4|49200000.0|null|['Transformer', 'ImageNet-1k only']
CCT-14/7x2|81.34|22360000.0|11.06|[']']
GFNet-S|81.33|null|null|[']']
ResNet-200 (Adversarial Autoaugment)|81.32|null|null|['ImageNet-1k only', 'ResNet']
MultiGrain PNASNet (300px)|81.3|null|null|['CNN', 'ImageNet-1k only']
ResNet-152|81.3|null|null|['ImageNet-1k only', 'ResNet']
ConViT-S|81.3|27000000.0|5.4|['ImageNet-1k only', 'Transformer']
Swin-T|81.3|29000000.0|4.5|[']']
SimpleNetV1-9m-correct-labels|81.24|9500000.0|null|[']']
Res2Net-101|81.23|null|null|['CNN', 'ImageNet-1k only']
ResNeXt-101 (Debiased+CutMix)|81.2|null|null|['ImageNet-1k only', 'ResNeXt']
PVT-S (+MixPro)|81.2|null|null|[']']
Swin-T (PuzzleMix+DM)|81.16|null|null|[']']
TransBoost-ResNet50-StrikesBack|81.15|25560000.0|null|[']']
ResNeSt-50|81.13|27500000.0|5.39|[']']
DeiT-S (SAMix+DM)|81.12|null|null|[']']
DeiT-S with iRPE-QK|81.1|null|9.412|['ImageNet-1k only', 'Transformer']
EfficientNet-B3|81.1|12000000.0|null|['ImageNet-1k only', 'EfficientNet']
VAN-B1|81.1|13900000.0|2.5|[']']
RevBiFPN-S3|81.1|19600000.0|3.33|['Reversible', 'FPN', 'CNN', 'ImageNet-1k only']
ResNet-152x2-SAM|81.1|236000000.0|null|['ImageNet-1k only', 'ResNet']
DynamicViT-S|81.09|null|null|[']']
ResNet-101 (SAMix)|81.08|44600000.0|null|['ImageNet-1k only', 'ResNet']
NASViT-A3|81.0|null|0.528|[']']
ViTAE-13M|81.0|13200000.0|6.8|['Transformer', 'ImageNet-1k only']
ResNet-101 (AutoMix)|80.98|44600000.0|null|['ImageNet-1k only', 'ResNet']
DeiT-S (AutoMix+DM)|80.91|null|null|[']']
ResNet-101|80.9|null|null|['ImageNet-1k only', 'ResNet']
CAIT-XXS-24|80.9|12000000.0|9.6|['ImageNet-1k only', 'Transformer']
DeiT-S with iRPE-K|80.9|22000000.0|9.318|['ImageNet-1k only', 'Transformer']
CentroidViT-S (arXiv, 2021-02)|80.9|22300000.0|9.4|[']']
ResNeXt-101  64x4|80.9|83600000.0|31.5|['ImageNet-1k only', 'ResNeXt']
AlphaNet-A6|80.8|null|0.709|[']']
ResNet-200 (Supervised Contrastive)|80.8|null|null|['ImageNet-1k only', 'ResNet']
UniNet-B0|80.8|11500000.0|0.555|[']']
LocalViT-S|80.8|22400000.0|4.6|['ImageNet-1k only', 'Transformer']
DAFT-conv (384 heads, 300 epochs)|80.8|23000000.0|null|[']']
ResMLP-S24|80.8|30000000.0|6.0|['MLP', 'ImageNet-1k only']
TinyViT-5M-distill (21k)|80.7|5400000.0|1.3|['ImageNet-22k', 'Transformer']
CoE-Large|80.7|95300000.0|0.194|[']']
MEAL V2 (ResNet-50) (224 res)|80.67|null|null|[']']
TokenLearner-ViT-8|80.66|null|null|[']']
ResNeSt-50-fast|80.64|27500000.0|4.34|[']']
TransBoost-ResNet152|80.64|60190000.0|null|[']']
ResNet-200 (Fast AA)|80.6|null|null|['ImageNet-1k only', 'ResNet']
CaiT-XXS (+MixPro)|80.6|null|null|[']']
ResNeXt-101 (CutMix)|80.53|null|null|['ImageNet-1k only', 'ResNeXt']
NASViT-A2|80.5|null|0.421|[']']
Attention-92|80.5|null|null|['CNN', 'ImageNet-1k only']
NAT-M4|80.5|9100000.0|null|['CNN', 'ImageNet-1k only']
IPT-T|80.5|14000000.0|2.3|[']']
GLiT-Smalls|80.5|24600000.0|4.4|['Transformer', 'ImageNet-1k only']
HCGNet-C|80.5|42200000.0|7.1|['CNN', 'ImageNet-1k only']
DVT (T2T-ViT-12)|80.43|null|1.7|['ImageNet-1k only', 'Transformer']
UniNet-B1|80.4|14000000.0|0.99|[']']
DeiT-S (T2)|80.4|22000000.0|null|['Transformer', 'ImageNet-1k only']
ResNet50 (A1)|80.4|25000000.0|null|['CNN', 'ImageNet-1k only']
gSwin-VT|80.32|15500000.0|2.3|['ImageNet-1k only', 'Swin-Transformer', 'MLP']
AlphaNet-A5|80.3|null|0.491|[']']
ResNet-50+AutoDropout+RandAugment|80.3|null|null|['ImageNet-1k only', 'ResNet']
ReXNet_1.5|80.3|9700000.0|0.86|['ImageNet-1k only']
CCT-16/7x2|80.28|null|null|['Transformer', 'ImageNet-1k only']
DeiT-S (PuzzleMix+DM)|80.25|null|null|[']']
iAFF-ResNeXt-50-32x4d|80.22|34700000.0|null|['ImageNet-1k only', 'ResNeXt']
UniRepLKNet-P|80.2|null|null|[']']
FixEfficientNet-B0|80.2|5300000.0|1.6|['ImageNet-1k only', 'EfficientNet']
DAFT-conv (16 heads)|80.2|20300000.0|null|[']']
ConvMLP-L|80.2|42700000.0|null|['CNN', 'MLP', 'ImageNet-1k only']
ResNet-50 (224 res, Fast Knowledge Distillation)|80.1|null|null|['ImageNet-1k only', 'ResNet']
DAFT-conv (384 heads, 200 epochs)|80.1|23000000.0|null|[']']
Inception ResNet V2|80.1|55800000.0|null|['ImageNet-1k only', 'ResNet']
RandWire-WS|80.1|61500000.0|7.9|['CNN', 'ImageNet-1k only']
WideNet-H|80.09|63000000.0|null|['Transformer', 'ImageNet-1k only']
CoE-Small + CondConv + PWLU|80.0|null|0.1|[']']
BasisNet-MV3|80.0|null|0.198|[']']
AlphaNet-A4|80.0|null|0.444|[']']
MogaNet-T (256res)|80.0|5200000.0|1.44|['CNN']
MobileOne-S3 (distill)|80.0|10100000.0|1.8|[']']
LeViT-192|80.0|10400000.0|0.624|['ImageNet-1k only', 'Transformer']
ResNet-101|80.0|44400000.0|null|['ImageNet-1k only', 'ResNet']
ResNet-200|79.9|null|null|['ImageNet-1k only', 'ResNet']
RegNetY-8.0GF|79.9|39200000.0|8.0|['CNN', 'ImageNet-1k only']
ViT-B/16-SAM|79.9|87000000.0|null|['ImageNet-1k only', 'Transformer']
TransBoost-ResNet101|79.86|44550000.0|null|[']']
SKNet-101|79.81|48900000.0|8.46|['CNN', 'ImageNet-1k only']
FixResNet-50 CutMix|79.8|null|null|['ImageNet-1k only', 'ResNet']
CSPResNeXt-50 + Mish|79.8|null|null|['CNN', 'ImageNet-1k only']
kNN-CLIP|79.8|null|null|['Memory-Centric', 'CLIP Pre-trained']
CloFormer-XS|79.8|7200000.0|1.1|[']']
EfficientNet-B2|79.8|9200000.0|1.0|['ImageNet-1k only', 'EfficientNet']
GC ViT-XXT|79.8|12000000.0|2.1|[']']
CSPResNeXt-50 (Mish+Aug)|79.8|20500000.0|null|['CNN', 'ImageNet-1k only']
DAFT-full|79.8|22600000.0|null|[']']
DVT (T2T-ViT-10)|79.74|null|0.7|['ImageNet-1k only', 'Transformer']
NASViT-A1|79.7|null|0.309|[']']
GPaCo (ResNet-50)|79.7|null|null|[']']
ResMLP-36|79.7|45000000.0|null|['MLP', 'ImageNet-1k only']
Grafit (ResNet-50)|79.6|null|null|['ImageNet-1k only', 'ResNet']
LeViT-128|79.6|8800000.0|0.376|['ImageNet-1k only', 'Transformer']
ResT-Small|79.6|13660000.0|1.9|[']']
GTP-DeiT-S/P8|79.5|null|3.4|[']']
ReXNet_1.3|79.5|7600000.0|0.66|['ImageNet-1k only']
WideNet-L|79.49|40000000.0|null|['ImageNet-1k only']
ResNet-50 (SAMix)|79.41|25600000.0|null|['ImageNet-1k only', 'ResNet']
AlphaNet-A3|79.4|null|0.357|[']']
MultiGrain R50-AA-500|79.4|null|null|['ImageNet-1k only']
ResNet-50 (Adversarial Autoaugment)|79.4|null|null|['ImageNet-1k only', 'ResNet']
ResMLP-24|79.4|null|null|['CNN', 'ImageNet-1k only']
EdgeNeXt-S|79.4|5600000.0|2.6|['CrossCovarianceAttention', 'Transformer', 'CNN', 'ImageNet-1k only']
TinyNet (GhostNet-A)|79.4|11900000.0|0.591|[']']
MobileOne-S4|79.4|14800000.0|2.9|[']']
RegNetY-4.0GF|79.4|20600000.0|4.0|['CNN', 'ImageNet-1k only']
SENet-50|79.4|28020000.0|null|['Transformer', 'ImageNet-1k only']
ScaleNet-152|79.38|null|11.2|['CNN', 'ImageNet-1k only']
LIP-ResNet-101|79.33|42900000.0|null|['CNN', 'ImageNet-1k only']
MobileViTv3-S|79.3|5800000.0|1.841|['Transformer', 'CNN+Transformer', 'ImageNet-1k only']
RedNet-152|79.3|34000000.0|6.8|['Transformer', 'ImageNet-1k only']
ResNet-50 (AutoMix)|79.25|25600000.0|null|['ImageNet-1k only', 'ResNet']
PS-KD (ResNet-152 + CutMix)|79.24|null|null|['ImageNet-1k only', 'ResNet']
ResNet-101 (JFT-300M Finetuning)|79.2|null|null|['JFT-300M', 'ResNet']
RVT-Ti*|79.2|10900000.0|1.3|['ImageNet-1k only', 'Transformer']
Multiscale DEQ (MDEQ-XL)|79.2|81000000.0|null|['ImageNet-1k only']
SimpleNetV1-5m-correct-labels|79.12|5700000.0|null|[']']
AlphaNet-A2|79.1|null|0.317|[']']
AA-ResNet-152|79.1|null|null|['ImageNet-1k only']
FixResNet-50|79.1|null|null|['ImageNet-1k only', 'ResNet']
Diffusion Classifier|79.1|null|null|[']']
TinyViT-5M|79.1|5400000.0|1.3|['ImageNet-1k only', 'Transformer']
MobileOne-S2 (distill)|79.1|7800000.0|1.3|[']']
PiT-XS|79.1|10600000.0|1.4|['ImageNet-1k only', 'Transformer']
UniNet-B0|79.1|11900000.0|0.56|[']']
RedNet-101|79.1|25600000.0|4.7|['ImageNet-1k only']
ResNet-50 (UDA)|79.04|null|null|['ImageNet-1k only', 'ResNet']
ScaleNet-101|79.03|null|7.5|['ImageNet-1k only']
TransBoost-ResNet50|79.03|null|null|[']']
Co-ResNet-152|79.03|60000000.0|null|[']']
MobileNetV3_large_x1_0_ssld|79.0|5470000.0|null|['ImageNet-1k only']
RevBiFPN-S2|79.0|10600000.0|1.37|['Reversible', 'FPN', 'CNN', 'ImageNet-1k only']
ConvMLP-M|79.0|17400000.0|null|['ImageNet-1k only']
Xception|79.0|22855952.0|null|['ImageNet-1k only']
SpineNet-143|79.0|60500000.0|9.1|['ImageNet-1k only']
Mixer-B/8-SAM|79.0|64000000.0|null|['ImageNet-1k only']
InceptionV3 (FRN layer)|78.95|null|null|['ImageNet-1k only']
ResNet-152 + SWA|78.94|null|null|['ImageNet-1k only', 'ResNet']
ECA-Net (ResNet-152)|78.92|57400000.0|10.83|['ImageNet-1k only', 'ResNet']
AlphaNet-A1|78.9|null|0.279|[']']
MixNet-L|78.9|7300000.0|0.565|['ImageNet-1k only']
CeiT-T (384 finetune res)|78.8|null|3.6|['ImageNet-1k only', 'Transformer']
NoisyStudent (EfficientNet-B0)|78.8|5300000.0|null|['JFT-300M', 'EfficientNet']
EfficientNet-B1|78.8|7800000.0|0.7|['ImageNet-1k only', 'EfficientNet']
ResNet-50|78.8|25500000.0|null|['ResNet']
SGE-ResNet101|78.798|44550000.0|7.858|['ImageNet-1k only']
RepVGG-B2|78.78|80310000.0|18.4|['CNN', 'ImageNet-1k only']
ResNet-50|78.76|null|null|['ImageNet-1k only', 'ResNet']
SAMix+DM (ResNet-50 RSB A3)|78.75|null|null|[']']
ResNet-50|78.7|null|null|['ImageNet-1k only', 'ResNet']
SReT-LT (Fast Knowledge Distillation)|78.7|5000000.0|1.2|['ImageNet-1k only', 'Transformer']
PVTv2-B1|78.7|13100000.0|2.1|['ImageNet-1k only']
ECA-Net (ResNet-101)|78.65|42490000.0|7.35|['ImageNet-1k only', 'ResNet']
MobileViTv3-1.0|78.64|null|1.876|['Transformer', 'CNN+Transformer', 'ImageNet-1k only']
EdgeFormer-S|78.63|5000000.0|3.48|[']']
AutoMix+DM (ResNet-50 RSB A3)|78.62|null|null|[']']
UniRepLKNet-F|78.6|null|null|[']']
TransBoost-EfficientNetB0|78.6|5290000.0|null|[']']
Visformer-Ti|78.6|10300000.0|1.3|['ImageNet-1k only', 'Transformer']
ResMLP-12 (distilled, class-MLP)|78.6|17700000.0|3.0|[']']
RepMLP-Res50|78.6|52770000.0|null|['ImageNet-1k only']
Res2Net-50-299|78.59|null|null|['ImageNet-1k only']
ResNet-152|78.57|null|11.3|[']']
ResNet-50-DW (Deformable Kernels)|78.5|null|null|['ImageNet-1k only', 'ResNet']
HRFormer-T|78.5|8000000.0|1.8|[']']
HCGNet-B|78.5|12900000.0|2.0|['ImageNet-1k only']
RepVGG-B2g4|78.5|55770000.0|11.3|['CNN', 'ImageNet-1k only']
DVT (T2T-ViT-7)|78.48|null|0.6|['ImageNet-1k only', 'Transformer']
SRM-ResNet-101|78.47|null|null|['ImageNet-1k only']
DenseNet-161 + SWA|78.44|null|null|['ImageNet-1k only']
CoaT-Ti|78.42|null|null|[']']
FBNetV5-AC-CLS|78.4|null|0.28|[']']
ResNet-50 (CutMix)|78.4|null|null|['ImageNet-1k only', 'ResNet']
ReXNet_1.0-relabel|78.4|4800000.0|null|['ImageNet-1k only']
MobileViT-S|78.4|5600000.0|null|['Transformer', 'ImageNet-1k only']
RedNet-50|78.4|15500000.0|2.7|['ImageNet-1k only']
ResNet-50 (SAMix+DM)|78.36|null|null|[']']
ResNet-50 + DropBlock (0.9 kp, 0.1 label smoothing)|78.35|null|null|['ImageNet-1k only', 'ResNet']
Poly-SA-ViT-S|78.34|null|null|[']']
EfficientNet-B0 (CondConv)|78.3|null|0.826|['ImageNet-1k only', 'EfficientNet']
ResNet-101|78.25|40000000.0|7.6|['ImageNet-1k only', 'ResNet']
NASViT-A0|78.2|null|0.208|[']']
MultiGrain R50-AA-224|78.2|null|null|['ImageNet-1k only']
Pyramid ViG-Ti|78.2|10700000.0|1.7|[']']
LocalViT-PVT|78.2|13500000.0|4.8|['Transformer']
ResNet-50 (AutoMix+DM)|78.15|null|null|[']']
PuzzleMix+DM (ResNet-50 RSB A3)|78.15|null|null|[']']
ResNet-50 (LIP Bottleneck-256)|78.15|25800000.0|null|['ImageNet-1k only', 'ResNet']
WRN-50-2-bottleneck|78.1|null|null|['ImageNet-1k only']
MobileOne-S3|78.1|10100000.0|1.8|[']']
ResNet50 (A3)|78.1|25000000.0|null|['ImageNet-1k only']
ZenNet-400M-SE|78.0|5700000.0|0.82|[']']
RegNetY-1.6GF|78.0|11200000.0|1.6|['ImageNet-1k only']
HVT-S-1|78.0|21740000.0|2.4|['Transformer', 'ImageNet-1k only']
Perceiver (FF)|78.0|44900000.0|707.2|[']']
ReXNet_1.0|77.9|4800000.0|0.4|['', 'ImageNet-1k only']
ViTAE-6M|77.9|6500000.0|4.0|['ImageNet-1k only']
DenseNet-264|77.85|null|null|['ImageNet-1k only']
AlphaNet-A0|77.8|null|0.203|[']']
ScaleNet-50|77.8|null|3.8|[']']
ResMLP-S12|77.8|15400000.0|null|[']']
ResNet-50 (PuzzleMix+DM)|77.71|null|null|[']']
TinyNet-A + RA|77.7|5100000.0|0.339|[']']
ResNet-50 (Fast AA)|77.6|null|null|['ImageNet-1k only', 'ResNet']
SReT-T|77.6|4800000.0|1.1|[']']
RedNet-38|77.6|12400000.0|2.2|['ImageNet-1k only']
SGE-ResNet50|77.584|25560000.0|4.127|[']']
WideNet-B|77.54|29000000.0|null|['ImageNet-1k only']
EfficientNet-B0|77.5|null|null|['ImageNet-1k only', 'EfficientNet']
ACNet (ResNet-50)|77.5|29380000.0|null|['ImageNet-1k only', 'ResNet']
ECA-Net (ResNet-50)|77.48|24370000.0|3.86|['ImageNet-1k only', 'ResNet']
DenseNet-201|77.42|null|null|['ImageNet-1k only']
MobileOne-S2|77.4|7.8|1.3|[']']
MobileOne-S1 (distill)|77.4|4800000.0|0.825|[']']
R-Mix (ResNet-50)|77.39|null|null|[']']
ResnetV2 50 (FRN layer)|77.21|null|null|['ImageNet-1k only', 'ResNet']
FBNetV5-AR-CLS|77.2|null|0.215|[']']
MogaNet-XT (256res)|77.2|3000000.0|1.04|[']']
ReXNet_0.9|77.2|4100000.0|0.35|['ImageNet-1k only']
Prodpoly|77.17|null|null|['ImageNet-1k only']
ResNet-50-D|77.16|25000000.0|null|['ImageNet-1k only', 'ResNet']
Inception v3|77.12|null|null|['ImageNet-1k only']
MKD ViT-T|77.1|null|null|[']']
GreedyNAS-A|77.1|6500000.0|0.366|['ImageNet-1k only']
SkipblockNet-L|77.1|7100000.0|0.364|[']']
SSAL-Resnet50|77.0|null|null|['ImageNet-1k only', 'ResNet']
UniRepLKNet-A|77.0|null|null|[']']
CloFormer-XXS|77.0|4200000.0|0.6|[']']
MixNet-M|77.0|5000000.0|0.36|['ImageNet-1k only']
SCARLET-A|76.9|6700000.0|0.73|['ImageNet-1k only']
TransBoost-MobileNetV3-L|76.81|5480000.0|null|[']']
ViTAE-T-Stage|76.8|4800000.0|4.6|['ImageNet-1k only']
GreedyNAS-B|76.8|5200000.0|0.324|['ImageNet-1k only']
ConvMLP-S|76.8|9000000.0|null|['ImageNet-1k only']
Perona Malik (Perona and Malik, 1990)|76.71|null|null|['CNN', 'ImageNet-1k only']
PVT-T (+MixPro)|76.7|null|null|[']']
MobileViTv3-XS|76.7|2500000.0|0.927|['Transformer', 'CNN+Transformer', 'ImageNet-1k only']
MnasNet-A3|76.7|5200000.0|0.806|['ImageNet-1k only']
ViL-Tiny-RPB|76.7|6700000.0|1.3|[']']
ConViT-Ti+|76.7|10000000.0|2.0|['ImageNet-1k only', 'Transformer']
TransBoost-ResNet34|76.7|21800000.0|null|[']']
LIP-DenseNet-BC-121|76.64|8700000.0|null|['ImageNet-1k only']
ResNet-50 (X-volution, stage3)|76.6|null|null|['ImageNet-1k only', 'ResNet']
MUXNet-l|76.6|4000000.0|0.636|['ImageNet-1k only']
DeiT-B|76.6|5000000.0|null|['ImageNet-1k only', 'Transformer']
MobileViTv3-0.75|76.55|3000000.0|1.064|['ImageNet-1k only']
Mixer-B/16|76.44|46000000.0|null|['ImageNet-1k only']
Perceiver|76.4|null|null|['Transformer', 'ImageNet-1k only']
CeiT-T|76.4|6400000.0|1.2|['ImageNet-1k only', 'Transformer']
ResNet-34 (SAMix)|76.35|21800000.0|null|['ImageNet-1k only', 'ResNet']
EfficientNet-B0|76.3|5300000.0|0.39|['ImageNet-1k only', 'EfficientNet']
RegNetY-800MF|76.3|6300000.0|0.8|['ImageNet-1k only']
SCARLET-B|76.3|6500000.0|0.658|['ImageNet-1k only']
GLiT-Tinys|76.3|7200000.0|1.4|['ImageNet-1k only']
DenseNet-169|76.2|null|null|['ImageNet-1k only']
GreedyNAS-C|76.2|4700000.0|0.284|['ImageNet-1k only']
SkipblockNet-M|76.2|5500000.0|0.246|['CNN', 'ImageNet-1k only']
ELP (naive ResNet50)|76.13|null|null|[']']
ResNet-34 (AutoMix)|76.1|21800000.0|null|['ImageNet-1k only', 'ResNet']
ResNet-50 MLPerf v0.7 - 2512 steps|75.92|null|null|['ImageNet-1k only', 'ResNet']
DenseNAS-A|75.9|null|null|['ImageNet-1k only']
MobileOne-S1|75.9|4800000.0|0.825|[']']
MoGA-A|75.9|5100000.0|0.608|['ImageNet-1k only']
RevBiFPN-S1|75.9|5110000.0|0.62|['Reversible', 'CNN', 'FPN', 'ImageNet-1k only']
LocalViT-TNT|75.9|6300000.0|1.4|['ImageNet-1k only', 'Transformer']
SALG-ST|75.9|6500000.0|null|[']']
RedNet-26|75.9|9200000.0|1.7|['ImageNet-1k only']
FractalNet-34|75.88|null|null|['ImageNet-1k only']
MixNet-S|75.8|4100000.0|0.256|['ImageNet-1k only']
CoordConv ResNet-50|75.74|null|null|['ImageNet-1k only', 'ResNet']
LeViT-128S|75.7|4700000.0|0.288|['ImageNet-1k only', 'Transformer']
GhostNet \u00d71.3|75.7|7300000.0|0.226|[']']
LR-Net-26|75.7|14700000.0|2.6|['ImageNet-1k only']
Mixer-S16 + STD|75.7|22200000.0|4.3|[']']
SimpleNetV1-small-075-correct-labels|75.66|3000000.0|null|[']']
MnasNet-A2|75.6|4800000.0|0.68|['ImageNet-1k only']
SCARLET-C|75.6|6000000.0|0.56|['ImageNet-1k only']
PAWS (ResNet-50, 10% labels)|75.5|null|null|['ImageNet-1k only', 'ResNet']
RegNetY-600MF|75.5|6100000.0|0.6|['ImageNet-1k only']
ShuffleNet V2|75.4|null|0.597|[']']
VAN-B0|75.4|4100000.0|0.9|[']']
AsymmNet-Large \u00d71.0|75.4|5990000.0|0.4338|[']']
FairNAS-A|75.34|4600000.0|0.776|[']']
ViTAE-T|75.3|null|3.0|['ImageNet-1k only']
MUXNet-m|75.3|3400000.0|0.436|['ImageNet-1k only']
ResNet-50|75.3|25000000.0|3.8|['ImageNet-1k only', 'ResNet']
MnasNet-A1|75.2|3900000.0|0.624|['ImageNet-1k only']
MobileNet V3-Large 1.0|75.2|5400000.0|0.438|['ImageNet-1k only']
DiCENet|75.1|null|0.553|[']']
MultiGrain NASNet-A-Mobile (350px)|75.1|null|null|[']']
FairNAS-B|75.1|4500000.0|0.69|[']']
ResNet-34 (X-volution, stage3)|75.0|null|null|['ImageNet-1k only', 'ResNet']
Ghost-ResNet-50 (s=2)|75.0|13000000.0|2.2|[']']
DenseNet-121|74.98|null|null|['ImageNet-1k only']
Single-Path NAS|74.96|null|null|['ImageNet-1k only']
WaveMix-192/16 (level 3)|74.93|null|null|[']']
FF|74.9|null|null|['ImageNet-1k only']
FBNet-C|74.9|5500000.0|0.375|['ImageNet-1k only']
ESPNetv2|74.9|5900000.0|0.602|['ImageNet-1k only']
MobileViT-XS|74.8|2300000.0|0.7|[']']
LocalViT-T|74.8|5900000.0|1.3|['ImageNet-1k only', 'Transformer']
RandWire-WS (small)|74.7|5600000.0|0.583|[']']
AutoFormer-tiny|74.7|5700000.0|1.3|['ImageNet-1k only', 'Transformer']
MobileNetV2 (1.4)|74.7|6900000.0|1.17|['ImageNet-1k only']
FairNAS-C|74.69|4400000.0|0.642|[']']
ReXNet_0.6|74.6|2700000.0|null|['ImageNet-1k only']
Proxyless|74.6|4000000.0|null|['ImageNet-1k only']
PiT-Ti|74.6|4900000.0|0.7|['ImageNet-1k only', 'Transformer']
DY-MobileNetV2 \u00d71.0|74.4|11100000.0|0|['ImageNet-1k only']
SimpleNetV1-9m|74.17|9500000.0|null|[']']
RegNetY-400MF|74.1|4300000.0|0.4|[']']
Ghost-ResNet-50 (s=4)|74.1|6500000.0|1.2|[']']
SReT-ExT|74.0|4000000.0|0.7|[']']
GhostNet \u00d71.0|73.9|5200000.0|0.141|[']']
DeiT-T (+MixPro)|73.8|null|null|[']']
DeiT-Ti with iRPE-K|73.7|6000000.0|2.568|['ImageNet-1k only', 'Transformer']
TransBoost-ResNet18|73.36|11690000.0|null|[']']
Wide ResNet-50 (edge-popup)|73.3|20600000.0|null|['ImageNet-1k only', 'ResNet']
ResNet-18 (MEAL V2)|73.19|null|null|['ImageNet-1k only']
ConViT-Ti|73.1|6000000.0|1.0|['ImageNet-1k only', 'Transformer']
RevBiFPN-S0|72.8|3420000.0|0.31|['Reversible', 'CNN', 'FPN', 'ImageNet-1k only']
DY-MobileNetV2 \u00d70.75|72.8|7000000.0|0.435|['ImageNet-1k only']
DY-ResNet-18|72.7|42700000.0|3.7|['ImageNet-1k only', 'ResNet']
ECA-Net (MobileNetV2)|72.56|3340000.0|0.32|['ImageNet-1k only']
MobileNet-224 (CGD)|72.56|4260000.0|1.198|['ImageNet-1k only']
MobileOne-S0 (distill)|72.5|2100000.0|0.275|[']']
LocalViT-T2T|72.5|4300000.0|1.2|['ImageNet-1k only', 'Transformer']
MobileViTv3-0.5|72.33|1400000.0|0.481|['Transformer', 'CNN+Transformer', 'ImageNet-1k only']
ResNet-18 (SAMix)|72.33|11700000.0|null|['ImageNet-1k only', 'ResNet']
ResNet-50|72.1|null|null|['ImageNet-1k only', 'ResNet']
ResNet-18 (AutoMix)|72.05|11700000.0|null|['ImageNet-1k only', 'ResNet']
MobileNetV2|72.0|3400000.0|0.6|['CNN']
Ours|71.97|null|null|[']']
SimpleNetV1-5m|71.94|5700000.0|null|['CNN']
ResNet-18 (PAD-L2 w/ ResNet-34 teacher)|71.71|null|null|['ImageNet-1k only', 'ResNet']
MUXNet-s|71.6|2400000.0|0.234|['ImageNet-1k only']
PDC|71.6|11510000.0|null|[']']
ResNet-18 (FT w/ ResNet-34 teacher)|71.56|null|null|['ImageNet-1k only', 'ResNet']
EfficientFormer-V2-S0|71.53|null|null|[']']
MobileOne-S0|71.4|2100000.0|0.275|[']']
ResNet-18 (KD w/ ResNet-34 teacher)|71.37|null|null|['ImageNet-1k only', 'ResNet']
Dspike (VGG-16)|71.24|null|null|['SNN']
EdgeNeXt-XXS|71.2|1300000.0|0.522|['CrossCovarianceAttention', 'Transformer', 'CNN', 'ImageNet-1k only']
ResNet-18 (L2 w/ ResNet-34 teacher)|71.08|null|null|['ImageNet-1k only', 'ResNet']
MobileViTv3-XXS|70.98|1200000.0|0.289|['CNN+Transformer', 'Transformer', 'ImageNet-1k only']
ResNet-18 (CRD w/ ResNet-34 teacher)|70.93|null|null|['ImageNet-1k only', 'ResNet']
ShuffleNet|70.9|null|null|['ImageNet-1k only']
MobileNet-224 \u00d71.25|70.6|null|1.138|[']']
PSN (SEW ResNet-34)|70.54|null|null|['SNN']
ResNet-18 (tf-KD w/ ResNet-18 teacher)|70.52|null|null|['ImageNet-1k only', 'ResNet']
PVTv2-B0|70.5|3400000.0|0.6|['ImageNet-1k only']
ResNet-18 (SSKD w/ ResNet-34 teacher)|70.09|null|null|['ImageNet-1k only', 'ResNet']
DY-MobileNetV3-Small|69.7|4800000.0|0.137|['ImageNet-1k only']
HVT-Ti-1|69.64|5740000.0|0.64|['ImageNet-1k only', 'Transformer']
DY-MobileNetV2 \u00d70.5|69.4|4000000.0|0.203|['ImageNet-1k only']
AsymmNet-Large \u00d70.5|69.2|2800000.0|0.1344|[']']
SimpleNetV1-small-05-correct-labels|69.11|1500000.0|null|[']']
Heteroscedastic (InceptionResNet-v2)|68.6|null|null|['ImageNet-1k only']
AsymmNet-Small \u00d71.0|68.4|3100000.0|0.1154|[']']
FireCaffe (GoogLeNet)|68.3|null|null|['ImageNet-1k only']
Graph-RISE (40M)|68.29|null|null|['ImageNet-1k only']
SimpleNetV1-small-075|68.15|3000000.0|null|[']']
ReActNet-A (BN-Free)|68.0|null|null|['CNN', 'ImageNet-1k only']
DY-ResNet-10|67.7|18600000.0|1.82|['ImageNet-1k only']
WaveMixLite-256/24|67.7|32400000.0|null|[']']
PSN (SEW ResNet-18)|67.63|null|null|['SNN']
MUXNet-xs|66.7|1800000.0|0.132|['ImageNet-1k only']
PAWS (ResNet-50, 1% labels)|66.5|null|null|['ImageNet-1k only', 'ResNet']
GhostNet \u00d70.5|66.2|2600000.0|0.042|[']']
OTTT|65.15|null|null|['SNN']
DY-MobileNetV2 \u00d70.35|64.9|2800000.0|0.124|['ImageNet-1k only']
BBG (ResNet-34)|62.6|null|null|['ImageNet-1k only', 'ResNet']
SimpleNetV1-small-05|61.52|1500000.0|null|[']']
BBG (ResNet-18)|59.4|null|null|['ImageNet-1k only', 'ResNet']
FireCaffe (AlexNet)|58.9|null|null|['ImageNet-1k only']
ReViT-B|null|null|null|[']']
GAC-SNN MS-ResNet-34|null|null|null|[']']
EVA (EVA-CLIP)|null|0|null|[']']
MobileNet-224 \u00d71.0|null|4200000.0|null|[']']
Inception V2|null|11200000.0|null|['ImageNet-1k only']
DaViT-S|null|49700000.0|null|['ImageNet-1k only', 'Transformer']
